TICKET_ID,CREATED_DATE,CLOSED_DATE,SERVICE_NAME,DISTRICT
T00000,2023-04-25,2023-04-28,Waste,Toronto-East York
T00001,2023-03-31,2023-04-02,Tree Maintenance,Scarborough
T00002,2023-04-06,2023-04-08,Waste,Scarborough
T00003,2024-03-05,2024-03-08,Waste,Etobicoke
T00004,2023-01-07,2023-01-09,Roads,North York
T00005,2023-08-09,2023-08-10,Parking Enforcement,North York
T00006,2023-04-05,2023-04-06,Roads,North York
T00007,2023-02-14,2023-02-17,Water,Etobicoke
T00008,2024-01-23,2024-01-26,Water,Toronto-West
T00009,2024-01-06,2024-01-08,Tree Maintenance,Toronto-East York
T00010,2023-02-16,2023-02-17,Parking Enforcement,Toronto-West
T00011,2023-04-14,2023-04-14,Roads,Etobicoke
T00012,2024-01-09,2024-01-11,Water,Toronto-East York
T00013,2023-03-15,2023-03-18,Tree Maintenance,Scarborough
T00014,2023-09-08,2023-09-10,Parking Enforcement,Toronto-East York
T00015,2023-08-13,2023-08-16,Water,Toronto-West
T00016,2023-02-27,2023-03-01,Roads,North York
T00017,2023-08-05,2023-08-07,Parking Enforcement,Etobicoke
T00018,2023-11-19,2023-11-21,Parking Enforcement,Toronto-East York
T00019,2023-05-27,2023-05-30,Waste,Scarborough
T00020,2023-09-27,2023-09-29,Tree Maintenance,North York
T00021,2023-05-22,2023-05-22,Tree Maintenance,Scarborough
T00022,2023-02-18,2023-02-20,Waste,Toronto-East York
T00023,2023-03-07,2023-03-08,Roads,Etobicoke
T00024,2024-04-24,2024-04-24,Parking Enforcement,Scarborough
T00025,2023-04-28,2023-04-29,Water,Etobicoke
T00026,2023-10-01,2023-10-03,Waste,Scarborough
T00027,2023-01-04,2023-01-05,Parking Enforcement,Toronto-West
T00028,2023-09-27,2023-10-01,Tree Maintenance,Scarborough
T00029,2023-11-02,2023-11-03,Animal Services,Etobicoke
T00030,2023-07-23,2023-07-26,Tree Maintenance,Toronto-East York
T00031,2024-06-27,2024-07-01,Parking Enforcement,Etobicoke
T00032,2024-05-15,2024-05-20,Parking Enforcement,Toronto-West
T00033,2023-11-11,2023-11-13,Waste,Scarborough
T00034,2023-03-22,2023-03-25,Waste,Toronto-East York
T00035,2023-05-09,2023-05-12,Waste,Etobicoke
T00036,2023-06-19,2023-06-21,Roads,Scarborough
T00037,2023-07-25,2023-07-29,Water,North York
T00038,2024-01-18,2024-01-18,Waste,Scarborough
T00039,2023-12-13,2023-12-15,Waste,Etobicoke
T00040,2023-08-14,2023-08-18,Waste,Scarborough
T00041,2023-02-02,2023-02-04,Parking Enforcement,Scarborough
T00042,2023-09-01,2023-09-03,Tree Maintenance,Toronto-East York
T00043,2024-04-29,2024-05-02,Waste,Etobicoke
T00044,2024-02-21,2024-02-23,Roads,North York
T00045,2024-04-23,2024-04-25,Parking Enforcement,Scarborough
T00046,2023-04-11,2023-04-15,Animal Services,Scarborough
T00047,2023-07-16,2023-07-19,Waste,North York
T00048,2024-03-08,2024-03-10,Parking Enforcement,Scarborough
T00049,2023-04-11,2023-04-14,Waste,York
T00050,2023-01-16,2023-01-21,Animal Services,Scarborough
T00051,2024-05-12,2024-05-13,Roads,Toronto-West
T00052,2023-03-02,2023-03-04,Roads,York
T00053,2024-04-10,2024-04-12,Waste,Toronto-East York
T00054,2024-05-13,2024-05-15,Parking Enforcement,Etobicoke
T00055,2023-03-04,2023-03-07,Water,Scarborough
T00056,2024-05-03,2024-05-03,Waste,York
T00057,2023-03-24,2023-03-26,Parking Enforcement,Scarborough
T00058,2023-03-11,2023-03-12,Waste,Toronto-West
T00059,2023-09-10,2023-09-11,Tree Maintenance,Scarborough
T00060,2023-03-25,2023-03-25,Tree Maintenance,York
T00061,2023-07-29,2023-08-01,Water,North York
T00062,2023-09-29,2023-09-29,Waste,North York
T00063,2023-03-16,2023-03-19,Waste,Toronto-East York
T00064,2023-04-13,2023-04-16,Waste,York
T00065,2023-03-12,2023-03-14,Parking Enforcement,North York
T00066,2023-06-11,2023-06-11,Roads,York
T00067,2024-06-25,2024-06-27,Waste,Toronto-West
T00068,2023-11-03,2023-11-05,Parking Enforcement,North York
T00069,2023-04-20,2023-04-22,Water,Scarborough
T00070,2023-10-16,2023-10-16,Waste,Toronto-East York
T00071,2023-09-28,2023-09-29,Tree Maintenance,North York
T00072,2023-02-22,2023-02-25,Waste,Scarborough
T00073,2023-05-14,2023-05-17,Water,North York
T00074,2024-03-28,2024-03-28,Waste,Scarborough
T00075,2023-06-02,2023-06-03,Tree Maintenance,Toronto-West
T00076,2023-06-01,2023-06-02,Roads,York
T00077,2023-02-10,2023-02-12,Parking Enforcement,Scarborough
T00078,2023-09-13,2023-09-14,Tree Maintenance,Toronto-West
T00079,2023-06-08,2023-06-09,Parking Enforcement,Scarborough
T00080,2023-06-16,2023-06-20,Parking Enforcement,Scarborough
T00081,2023-12-07,2023-12-08,Animal Services,North York
T00082,2023-09-12,2023-09-14,Waste,Toronto-West
T00083,2024-04-26,2024-04-30,Waste,Toronto-West
T00084,2024-04-16,2024-04-16,Parking Enforcement,Scarborough
T00085,2023-07-17,2023-07-21,Roads,North York
T00086,2023-03-13,2023-03-16,Water,North York
T00087,2023-12-06,2023-12-08,Parking Enforcement,Scarborough
T00088,2023-09-25,2023-09-28,Waste,Scarborough
T00089,2024-03-20,2024-03-25,Roads,Toronto-West
T00090,2024-03-22,2024-03-23,Roads,Etobicoke
T00091,2023-09-18,2023-09-19,Waste,North York
T00092,2024-06-16,2024-06-19,Water,Toronto-East York
T00093,2023-07-21,2023-07-22,Roads,Scarborough
T00094,2023-12-05,2023-12-05,Waste,York
T00095,2024-06-03,2024-06-03,Roads,North York
T00096,2024-02-17,2024-02-18,Waste,Toronto-East York
T00097,2024-01-24,2024-01-24,Water,York
T00098,2023-11-05,2023-11-05,Roads,Scarborough
T00099,2023-11-26,2023-11-29,Roads,North York
T00100,2023-08-07,2023-08-07,Parking Enforcement,Toronto-East York
T00101,2023-03-28,2023-03-30,Waste,Toronto-East York
T00102,2023-12-10,2023-12-14,Waste,North York
T00103,2023-07-23,2023-07-27,Waste,Scarborough
T00104,2024-05-01,2024-05-01,Roads,Toronto-West
T00105,2023-07-19,2023-07-19,Water,North York
T00106,2024-02-14,2024-02-16,Waste,Toronto-East York
T00107,2023-04-20,2023-04-24,Animal Services,Scarborough
T00108,2024-06-14,2024-06-14,Parking Enforcement,Scarborough
T00109,2023-05-17,2023-05-19,Animal Services,Toronto-East York
T00110,2023-11-21,2023-11-25,Tree Maintenance,Toronto-East York
T00111,2024-05-31,2024-06-01,Roads,York
T00112,2024-04-01,2024-04-05,Roads,North York
T00113,2023-09-11,2023-09-12,Animal Services,North York
T00114,2024-06-17,2024-06-18,Roads,Toronto-East York
T00115,2023-08-29,2023-08-31,Waste,North York
T00116,2023-03-24,2023-03-26,Water,Toronto-East York
T00117,2023-03-07,2023-03-10,Roads,North York
T00118,2024-04-22,2024-04-23,Roads,York
T00119,2023-01-21,2023-01-23,Parking Enforcement,Toronto-East York
T00120,2024-01-25,2024-01-25,Waste,North York
T00121,2024-03-05,2024-03-07,Tree Maintenance,Toronto-East York
T00122,2023-08-14,2023-08-15,Roads,North York
T00123,2024-02-19,2024-02-21,Water,Toronto-West
T00124,2023-05-11,2023-05-14,Parking Enforcement,Etobicoke
T00125,2023-01-28,2023-01-30,Waste,North York
T00126,2024-04-17,2024-04-19,Roads,Etobicoke
T00127,2023-12-12,2023-12-15,Water,North York
T00128,2024-03-07,2024-03-09,Waste,Etobicoke
T00129,2023-12-25,2023-12-27,Waste,Scarborough
T00130,2023-02-11,2023-02-13,Waste,Scarborough
T00131,2023-06-06,2023-06-06,Waste,Etobicoke
T00132,2023-04-28,2023-04-29,Water,Toronto-East York
T00133,2023-06-21,2023-06-22,Tree Maintenance,York
T00134,2023-04-28,2023-04-30,Roads,Etobicoke
T00135,2023-11-16,2023-11-17,Tree Maintenance,York
T00136,2024-01-20,2024-01-20,Waste,Toronto-East York
T00137,2023-09-06,2023-09-09,Waste,Toronto-East York
T00138,2023-05-04,2023-05-06,Waste,Etobicoke
T00139,2024-01-15,2024-01-15,Waste,Toronto-East York
T00140,2023-01-13,2023-01-16,Waste,York
T00141,2024-04-15,2024-04-15,Water,North York
T00142,2024-06-18,2024-06-21,Animal Services,Etobicoke
T00143,2024-05-10,2024-05-12,Roads,Toronto-West
T00144,2023-10-02,2023-10-03,Parking Enforcement,North York
T00145,2024-04-06,2024-04-09,Waste,Etobicoke
T00146,2024-01-24,2024-01-25,Roads,Etobicoke
T00147,2023-12-30,2024-01-02,Animal Services,North York
T00148,2023-10-10,2023-10-10,Waste,Scarborough
T00149,2024-02-21,2024-02-22,Roads,Toronto-East York
T00150,2024-05-02,2024-05-03,Animal Services,Scarborough
T00151,2023-08-15,2023-08-16,Roads,Scarborough
T00152,2024-01-13,2024-01-13,Roads,Toronto-East York
T00153,2023-12-05,2023-12-07,Roads,Etobicoke
T00154,2023-11-10,2023-11-12,Waste,Scarborough
T00155,2023-07-09,2023-07-11,Waste,Toronto-East York
T00156,2023-10-11,2023-10-12,Tree Maintenance,North York
T00157,2023-04-13,2023-04-13,Animal Services,North York
T00158,2024-01-05,2024-01-07,Tree Maintenance,North York
T00159,2023-02-25,2023-02-27,Tree Maintenance,Toronto-East York
T00160,2023-05-10,2023-05-10,Waste,Scarborough
T00161,2023-10-19,2023-10-19,Roads,North York
T00162,2023-07-08,2023-07-11,Parking Enforcement,Scarborough
T00163,2023-03-08,2023-03-10,Roads,Scarborough
T00164,2023-02-24,2023-02-27,Parking Enforcement,Scarborough
T00165,2023-09-12,2023-09-16,Waste,Toronto-East York
T00166,2023-08-20,2023-08-22,Parking Enforcement,North York
T00167,2024-03-15,2024-03-16,Roads,Toronto-East York
T00168,2023-04-12,2023-04-15,Waste,Toronto-East York
T00169,2023-06-10,2023-06-12,Waste,Etobicoke
T00170,2023-06-10,2023-06-13,Tree Maintenance,North York
T00171,2023-08-26,2023-08-28,Waste,North York
T00172,2024-04-09,2024-04-12,Waste,Toronto-West
T00173,2023-07-22,2023-07-24,Roads,Etobicoke
T00174,2023-06-02,2023-06-06,Waste,Scarborough
T00175,2023-11-11,2023-11-11,Tree Maintenance,Toronto-West
T00176,2023-10-23,2023-10-23,Roads,North York
T00177,2023-10-06,2023-10-08,Tree Maintenance,Etobicoke
T00178,2023-03-24,2023-03-24,Water,Toronto-East York
T00179,2023-01-27,2023-01-27,Waste,York
T00180,2023-01-22,2023-01-26,Waste,Scarborough
T00181,2023-06-29,2023-07-01,Roads,Toronto-East York
T00182,2023-10-12,2023-10-15,Water,Etobicoke
T00183,2023-04-04,2023-04-07,Roads,North York
T00184,2023-11-25,2023-11-26,Roads,Toronto-East York
T00185,2023-10-23,2023-10-23,Water,North York
T00186,2023-02-07,2023-02-08,Roads,York
T00187,2024-02-18,2024-02-20,Parking Enforcement,Toronto-West
T00188,2023-01-02,2023-01-03,Roads,Scarborough
T00189,2024-01-06,2024-01-06,Water,Etobicoke
T00190,2024-03-28,2024-03-30,Tree Maintenance,York
T00191,2024-03-24,2024-03-25,Parking Enforcement,Etobicoke
T00192,2023-01-30,2023-02-03,Waste,Scarborough
T00193,2023-01-15,2023-01-17,Tree Maintenance,Scarborough
T00194,2023-04-27,2023-04-28,Animal Services,Etobicoke
T00195,2023-10-26,2023-10-28,Tree Maintenance,North York
T00196,2024-05-09,2024-05-12,Tree Maintenance,North York
T00197,2024-06-04,2024-06-06,Water,Scarborough
T00198,2023-03-13,2023-03-14,Roads,York
T00199,2024-06-03,2024-06-07,Waste,Scarborough
T00200,2023-11-02,2023-11-05,Water,Toronto-West
T00201,2024-04-02,2024-04-02,Tree Maintenance,North York
T00202,2024-01-22,2024-01-23,Waste,Toronto-East York
T00203,2024-01-28,2024-01-30,Waste,Toronto-East York
T00204,2023-02-14,2023-02-15,Parking Enforcement,North York
T00205,2023-06-05,2023-06-08,Roads,Scarborough
T00206,2024-05-29,2024-06-01,Waste,Toronto-West
T00207,2023-04-13,2023-04-15,Tree Maintenance,Etobicoke
T00208,2023-05-28,2023-05-28,Waste,Etobicoke
T00209,2023-09-29,2023-10-02,Roads,Toronto-East York
T00210,2023-03-24,2023-03-27,Parking Enforcement,North York
T00211,2023-11-21,2023-11-21,Water,Toronto-West
T00212,2024-05-14,2024-05-16,Waste,Toronto-East York
T00213,2023-10-22,2023-10-24,Parking Enforcement,Toronto-East York
T00214,2024-03-20,2024-03-24,Water,Scarborough
T00215,2023-06-20,2023-06-22,Water,York
T00216,2023-02-17,2023-02-19,Roads,North York
T00217,2023-09-08,2023-09-10,Tree Maintenance,Etobicoke
T00218,2023-07-04,2023-07-06,Parking Enforcement,Toronto-East York
T00219,2023-09-04,2023-09-06,Roads,Etobicoke
T00220,2023-08-26,2023-08-27,Waste,Scarborough
T00221,2024-04-21,2024-04-23,Parking Enforcement,Toronto-East York
T00222,2023-06-11,2023-06-16,Parking Enforcement,North York
T00223,2024-03-10,2024-03-13,Water,Etobicoke
T00224,2023-11-06,2023-11-08,Roads,Scarborough
T00225,2024-01-03,2024-01-06,Tree Maintenance,York
T00226,2023-10-30,2023-11-03,Roads,Scarborough
T00227,2023-02-20,2023-02-22,Parking Enforcement,Toronto-East York
T00228,2023-10-21,2023-10-23,Animal Services,Scarborough
T00229,2023-07-14,2023-07-15,Water,Toronto-East York
T00230,2023-05-21,2023-05-21,Water,North York
T00231,2024-03-27,2024-03-27,Waste,North York
T00232,2023-05-15,2023-05-18,Water,Scarborough
T00233,2023-05-16,2023-05-18,Animal Services,Toronto-West
T00234,2024-01-10,2024-01-10,Animal Services,North York
T00235,2024-05-08,2024-05-09,Parking Enforcement,North York
T00236,2023-12-13,2023-12-15,Waste,Toronto-East York
T00237,2023-08-20,2023-08-20,Parking Enforcement,Toronto-East York
T00238,2024-02-11,2024-02-15,Roads,Toronto-West
T00239,2023-01-15,2023-01-16,Waste,Scarborough
T00240,2024-01-13,2024-01-14,Tree Maintenance,Toronto-West
T00241,2024-01-16,2024-01-16,Waste,Scarborough
T00242,2023-01-26,2023-01-26,Roads,Toronto-East York
T00243,2023-03-06,2023-03-06,Water,Etobicoke
T00244,2023-11-06,2023-11-07,Waste,Scarborough
T00245,2024-05-19,2024-05-20,Waste,Scarborough
T00246,2023-05-19,2023-05-20,Parking Enforcement,Toronto-East York
T00247,2024-03-05,2024-03-08,Tree Maintenance,Toronto-East York
T00248,2024-02-29,2024-02-29,Tree Maintenance,York
T00249,2023-10-14,2023-10-14,Waste,North York
T00250,2024-03-30,2024-03-31,Roads,York
T00251,2024-01-12,2024-01-14,Tree Maintenance,York
T00252,2024-01-03,2024-01-06,Parking Enforcement,York
T00253,2024-04-10,2024-04-12,Waste,Scarborough
T00254,2023-01-22,2023-01-25,Parking Enforcement,Toronto-West
T00255,2023-07-30,2023-08-01,Waste,Toronto-East York
T00256,2023-08-01,2023-08-01,Waste,Toronto-East York
T00257,2023-01-03,2023-01-04,Waste,York
T00258,2023-05-14,2023-05-14,Waste,Toronto-West
T00259,2023-05-15,2023-05-16,Waste,Toronto-West
T00260,2023-09-01,2023-09-03,Waste,Scarborough
T00261,2024-03-07,2024-03-09,Tree Maintenance,Toronto-East York
T00262,2024-05-02,2024-05-03,Tree Maintenance,Etobicoke
T00263,2023-08-15,2023-08-17,Parking Enforcement,Scarborough
T00264,2024-06-17,2024-06-18,Waste,York
T00265,2024-02-16,2024-02-20,Roads,Scarborough
T00266,2024-03-30,2024-04-01,Tree Maintenance,Scarborough
T00267,2023-10-09,2023-10-11,Water,Etobicoke
T00268,2023-11-29,2023-11-30,Waste,Etobicoke
T00269,2024-03-16,2024-03-19,Waste,Toronto-East York
T00270,2023-08-09,2023-08-09,Roads,Toronto-West
T00271,2024-02-13,2024-02-16,Roads,Scarborough
T00272,2024-03-13,2024-03-14,Parking Enforcement,Toronto-East York
T00273,2024-04-30,2024-05-03,Waste,Toronto-West
T00274,2023-04-06,2023-04-06,Roads,Scarborough
T00275,2023-03-03,2023-03-06,Tree Maintenance,Etobicoke
T00276,2023-12-04,2023-12-05,Parking Enforcement,York
T00277,2024-03-09,2024-03-10,Parking Enforcement,Toronto-East York
T00278,2023-10-22,2023-10-23,Tree Maintenance,Scarborough
T00279,2024-05-08,2024-05-09,Waste,Scarborough
T00280,2024-01-12,2024-01-15,Waste,North York
T00281,2023-01-27,2023-01-29,Tree Maintenance,Toronto-East York
T00282,2023-10-01,2023-10-04,Water,York
T00283,2023-12-26,2023-12-28,Waste,Toronto-West
T00284,2024-02-15,2024-02-19,Parking Enforcement,Scarborough
T00285,2024-06-27,2024-06-30,Waste,North York
T00286,2023-12-16,2023-12-18,Roads,York
T00287,2023-03-28,2023-03-31,Parking Enforcement,Scarborough
T00288,2023-02-20,2023-02-21,Water,Etobicoke
T00289,2024-03-28,2024-03-29,Roads,Scarborough
T00290,2024-06-08,2024-06-11,Waste,Toronto-East York
T00291,2024-05-13,2024-05-16,Tree Maintenance,North York
T00292,2023-08-14,2023-08-14,Waste,North York
T00293,2023-08-05,2023-08-08,Water,Toronto-East York
T00294,2023-10-24,2023-10-26,Water,Scarborough
T00295,2024-01-25,2024-01-27,Tree Maintenance,Scarborough
T00296,2023-12-29,2024-01-02,Waste,Scarborough
T00297,2023-03-21,2023-03-24,Parking Enforcement,Etobicoke
T00298,2024-02-19,2024-02-20,Waste,Scarborough
T00299,2023-11-29,2023-11-29,Waste,York
T00300,2024-04-16,2024-04-19,Waste,Toronto-West
T00301,2023-09-07,2023-09-07,Roads,North York
T00302,2023-03-22,2023-03-23,Roads,North York
T00303,2023-06-22,2023-06-24,Waste,Toronto-East York
T00304,2024-06-27,2024-06-27,Roads,Toronto-East York
T00305,2023-06-01,2023-06-03,Waste,Scarborough
T00306,2023-07-22,2023-07-24,Water,Scarborough
T00307,2024-05-20,2024-05-22,Roads,Etobicoke
T00308,2024-04-04,2024-04-05,Water,York
T00309,2023-11-27,2023-11-27,Parking Enforcement,Toronto-East York
T00310,2023-06-04,2023-06-04,Water,Toronto-West
T00311,2023-02-27,2023-03-01,Roads,Scarborough
T00312,2024-04-17,2024-04-18,Animal Services,Scarborough
T00313,2023-04-03,2023-04-05,Tree Maintenance,Etobicoke
T00314,2024-04-18,2024-04-18,Water,Scarborough
T00315,2023-07-12,2023-07-12,Roads,Etobicoke
T00316,2023-06-04,2023-06-07,Animal Services,Toronto-West
T00317,2023-03-28,2023-03-29,Tree Maintenance,Scarborough
T00318,2023-09-11,2023-09-12,Tree Maintenance,Toronto-East York
T00319,2024-01-08,2024-01-08,Roads,North York
T00320,2024-02-23,2024-02-25,Waste,Toronto-East York
T00321,2023-12-09,2023-12-09,Waste,Scarborough
T00322,2024-01-31,2024-02-01,Water,York
T00323,2023-06-03,2023-06-07,Roads,Etobicoke
T00324,2023-05-25,2023-05-28,Water,Toronto-East York
T00325,2023-05-13,2023-05-14,Tree Maintenance,York
T00326,2023-11-14,2023-11-14,Roads,Scarborough
T00327,2024-06-23,2024-06-24,Waste,Toronto-East York
T00328,2024-06-04,2024-06-05,Waste,Scarborough
T00329,2024-05-12,2024-05-15,Waste,York
T00330,2023-06-08,2023-06-12,Waste,Toronto-East York
T00331,2024-06-23,2024-06-26,Waste,North York
T00332,2023-05-15,2023-05-16,Waste,Toronto-East York
T00333,2023-06-19,2023-06-20,Water,Scarborough
T00334,2024-01-09,2024-01-10,Roads,North York
T00335,2024-04-04,2024-04-05,Waste,Scarborough
T00336,2024-04-25,2024-04-28,Water,Etobicoke
T00337,2024-03-27,2024-03-28,Roads,North York
T00338,2024-01-27,2024-01-27,Waste,Scarborough
T00339,2023-05-22,2023-05-24,Parking Enforcement,Scarborough
T00340,2024-05-07,2024-05-10,Waste,Toronto-West
T00341,2023-05-08,2023-05-09,Waste,Toronto-East York
T00342,2023-10-07,2023-10-07,Animal Services,Scarborough
T00343,2023-08-16,2023-08-18,Animal Services,Toronto-West
T00344,2023-01-28,2023-01-29,Roads,North York
T00345,2023-03-25,2023-03-27,Roads,Scarborough
T00346,2023-04-12,2023-04-15,Animal Services,Scarborough
T00347,2023-10-21,2023-10-21,Parking Enforcement,Etobicoke
T00348,2023-05-23,2023-05-25,Tree Maintenance,York
T00349,2023-01-20,2023-01-20,Waste,Toronto-West
T00350,2024-06-24,2024-06-24,Waste,Scarborough
T00351,2023-09-02,2023-09-05,Roads,Toronto-West
T00352,2024-04-13,2024-04-17,Roads,Etobicoke
T00353,2024-06-11,2024-06-14,Tree Maintenance,Toronto-East York
T00354,2023-10-26,2023-10-26,Waste,North York
T00355,2023-03-29,2023-04-01,Tree Maintenance,North York
T00356,2024-06-22,2024-06-22,Tree Maintenance,Scarborough
T00357,2024-04-26,2024-04-27,Waste,North York
T00358,2024-01-18,2024-01-20,Animal Services,North York
T00359,2023-04-17,2023-04-19,Animal Services,Toronto-East York
T00360,2023-12-07,2023-12-10,Roads,Toronto-East York
T00361,2024-04-20,2024-04-23,Parking Enforcement,Etobicoke
T00362,2023-07-06,2023-07-08,Animal Services,Etobicoke
T00363,2023-10-28,2023-10-29,Waste,Toronto-West
T00364,2023-02-12,2023-02-13,Roads,Toronto-West
T00365,2024-04-29,2024-05-02,Waste,Toronto-East York
T00366,2023-07-15,2023-07-16,Waste,Toronto-East York
T00367,2023-10-07,2023-10-11,Waste,North York
T00368,2024-02-14,2024-02-16,Roads,York
T00369,2024-05-23,2024-05-23,Water,North York
T00370,2024-06-15,2024-06-17,Roads,North York
T00371,2023-07-04,2023-07-06,Tree Maintenance,North York
T00372,2023-03-23,2023-03-24,Roads,Toronto-East York
T00373,2023-06-20,2023-06-23,Water,North York
T00374,2023-02-13,2023-02-14,Tree Maintenance,North York
T00375,2023-02-28,2023-02-28,Waste,Toronto-East York
T00376,2024-01-08,2024-01-08,Waste,Scarborough
T00377,2024-03-24,2024-03-26,Waste,Scarborough
T00378,2024-01-11,2024-01-11,Waste,Scarborough
T00379,2024-04-05,2024-04-09,Parking Enforcement,North York
T00380,2023-03-20,2023-03-20,Roads,Toronto-East York
T00381,2023-09-13,2023-09-14,Parking Enforcement,Scarborough
T00382,2023-07-10,2023-07-11,Tree Maintenance,North York
T00383,2023-09-24,2023-09-26,Water,Scarborough
T00384,2023-10-20,2023-10-20,Waste,Scarborough
T00385,2023-03-17,2023-03-17,Roads,Toronto-West
T00386,2024-03-31,2024-04-04,Parking Enforcement,York
T00387,2023-12-22,2023-12-24,Water,Etobicoke
T00388,2023-10-25,2023-10-29,Water,York
T00389,2023-06-28,2023-06-28,Animal Services,Etobicoke
T00390,2023-05-05,2023-05-09,Waste,Etobicoke
T00391,2024-01-05,2024-01-07,Tree Maintenance,North York
T00392,2023-05-13,2023-05-14,Roads,York
T00393,2024-05-05,2024-05-06,Tree Maintenance,Toronto-East York
T00394,2023-03-17,2023-03-20,Waste,Etobicoke
T00395,2024-06-13,2024-06-16,Roads,Toronto-West
T00396,2023-07-06,2023-07-08,Tree Maintenance,Toronto-West
T00397,2023-05-08,2023-05-09,Tree Maintenance,North York
T00398,2023-06-15,2023-06-16,Roads,York
T00399,2023-10-18,2023-10-22,Animal Services,North York
T00400,2023-10-09,2023-10-12,Tree Maintenance,Etobicoke
T00401,2023-06-22,2023-06-25,Tree Maintenance,Etobicoke
T00402,2023-06-25,2023-06-26,Tree Maintenance,Toronto-West
T00403,2023-02-12,2023-02-12,Animal Services,Scarborough
T00404,2023-02-16,2023-02-20,Waste,Scarborough
T00405,2024-03-02,2024-03-03,Tree Maintenance,Scarborough
T00406,2023-10-24,2023-10-25,Waste,Toronto-West
T00407,2024-02-20,2024-02-21,Waste,Scarborough
T00408,2023-03-03,2023-03-06,Roads,North York
T00409,2023-05-28,2023-05-31,Roads,Toronto-East York
T00410,2023-12-20,2023-12-22,Roads,Etobicoke
T00411,2023-11-23,2023-11-25,Waste,Scarborough
T00412,2024-04-05,2024-04-07,Waste,North York
T00413,2024-03-04,2024-03-06,Waste,Toronto-West
T00414,2023-06-13,2023-06-16,Water,Scarborough
T00415,2023-06-13,2023-06-13,Roads,Etobicoke
T00416,2024-05-25,2024-05-28,Waste,North York
T00417,2024-04-13,2024-04-14,Parking Enforcement,Scarborough
T00418,2023-12-28,2023-12-31,Tree Maintenance,Toronto-West
T00419,2024-04-26,2024-04-28,Waste,Scarborough
T00420,2023-04-21,2023-04-21,Water,Toronto-East York
T00421,2024-01-10,2024-01-13,Waste,Scarborough
T00422,2023-07-19,2023-07-20,Roads,Etobicoke
T00423,2023-10-14,2023-10-17,Animal Services,Toronto-East York
T00424,2023-05-02,2023-05-04,Roads,York
T00425,2024-01-10,2024-01-12,Water,Scarborough
T00426,2024-06-05,2024-06-06,Waste,Toronto-East York
T00427,2024-04-30,2024-05-02,Tree Maintenance,Scarborough
T00428,2024-06-11,2024-06-15,Roads,North York
T00429,2023-11-03,2023-11-07,Tree Maintenance,Etobicoke
T00430,2024-06-05,2024-06-05,Waste,Toronto-West
T00431,2024-01-13,2024-01-14,Roads,Scarborough
T00432,2024-03-02,2024-03-02,Water,Toronto-East York
T00433,2023-01-28,2023-01-29,Tree Maintenance,North York
T00434,2023-08-22,2023-08-23,Waste,Toronto-East York
T00435,2024-01-25,2024-01-25,Waste,Toronto-East York
T00436,2023-02-02,2023-02-02,Waste,North York
T00437,2024-03-04,2024-03-05,Waste,Toronto-East York
T00438,2024-02-25,2024-02-25,Roads,Toronto-West
T00439,2023-03-05,2023-03-07,Water,Etobicoke
T00440,2023-11-29,2023-12-02,Roads,York
T00441,2024-04-15,2024-04-17,Parking Enforcement,North York
T00442,2023-12-29,2023-12-30,Water,Toronto-West
T00443,2023-09-28,2023-09-28,Tree Maintenance,Scarborough
T00444,2023-09-10,2023-09-12,Parking Enforcement,York
T00445,2023-10-23,2023-10-26,Water,Toronto-East York
T00446,2024-05-15,2024-05-16,Parking Enforcement,Toronto-West
T00447,2023-10-08,2023-10-11,Waste,Etobicoke
T00448,2024-01-24,2024-01-27,Roads,Toronto-East York
T00449,2023-05-30,2023-05-31,Waste,North York
T00450,2023-03-22,2023-03-23,Waste,Etobicoke
T00451,2023-07-26,2023-07-29,Animal Services,North York
T00452,2023-10-06,2023-10-09,Tree Maintenance,Scarborough
T00453,2024-06-27,2024-06-30,Waste,Scarborough
T00454,2023-04-13,2023-04-13,Waste,Toronto-East York
T00455,2023-01-06,2023-01-09,Parking Enforcement,York
T00456,2023-06-11,2023-06-11,Parking Enforcement,Etobicoke
T00457,2023-07-24,2023-07-27,Water,North York
T00458,2023-10-20,2023-10-20,Waste,Etobicoke
T00459,2023-02-08,2023-02-08,Parking Enforcement,Scarborough
T00460,2023-06-30,2023-07-02,Animal Services,Toronto-West
T00461,2023-07-10,2023-07-12,Parking Enforcement,York
T00462,2023-10-24,2023-10-26,Tree Maintenance,Scarborough
T00463,2023-12-10,2023-12-12,Waste,York
T00464,2024-06-20,2024-06-20,Parking Enforcement,Etobicoke
T00465,2023-07-17,2023-07-19,Animal Services,North York
T00466,2024-04-14,2024-04-15,Waste,North York
T00467,2023-10-30,2023-10-30,Tree Maintenance,Toronto-East York
T00468,2023-06-29,2023-06-29,Roads,North York
T00469,2023-12-02,2023-12-03,Waste,Toronto-East York
T00470,2023-07-09,2023-07-12,Parking Enforcement,Scarborough
T00471,2024-01-28,2024-01-30,Waste,Toronto-East York
T00472,2023-12-04,2023-12-05,Waste,Toronto-East York
T00473,2023-08-30,2023-09-03,Waste,Scarborough
T00474,2023-11-11,2023-11-14,Parking Enforcement,Toronto-West
T00475,2023-11-15,2023-11-18,Water,Toronto-East York
T00476,2023-10-30,2023-10-31,Parking Enforcement,Etobicoke
T00477,2024-04-10,2024-04-12,Water,Toronto-East York
T00478,2024-03-01,2024-03-02,Water,Toronto-West
T00479,2023-08-12,2023-08-12,Water,Toronto-East York
T00480,2023-03-25,2023-03-25,Roads,York
T00481,2023-04-25,2023-04-27,Waste,Etobicoke
T00482,2024-06-01,2024-06-03,Waste,Toronto-West
T00483,2024-03-28,2024-03-31,Waste,Scarborough
T00484,2024-05-15,2024-05-18,Animal Services,Etobicoke
T00485,2024-06-09,2024-06-12,Roads,Etobicoke
T00486,2024-04-18,2024-04-19,Waste,North York
T00487,2023-01-04,2023-01-05,Water,Etobicoke
T00488,2023-02-16,2023-02-16,Tree Maintenance,Scarborough
T00489,2023-03-12,2023-03-15,Parking Enforcement,Etobicoke
T00490,2023-10-21,2023-10-21,Water,York
T00491,2024-03-06,2024-03-09,Roads,Toronto-West
T00492,2024-04-04,2024-04-08,Roads,Toronto-East York
T00493,2023-05-17,2023-05-17,Water,North York
T00494,2023-07-02,2023-07-05,Waste,York
T00495,2023-01-04,2023-01-06,Water,York
T00496,2024-04-19,2024-04-20,Tree Maintenance,Toronto-West
T00497,2023-09-11,2023-09-11,Roads,Scarborough
T00498,2023-07-13,2023-07-17,Waste,Toronto-West
T00499,2024-03-05,2024-03-06,Tree Maintenance,York
T00500,2023-01-17,2023-01-19,Tree Maintenance,North York
T00501,2023-02-19,2023-02-21,Waste,Scarborough
T00502,2024-03-25,2024-03-27,Parking Enforcement,Scarborough
T00503,2024-05-30,2024-06-02,Parking Enforcement,Scarborough
T00504,2023-11-23,2023-11-23,Animal Services,Scarborough
T00505,2023-05-27,2023-05-28,Parking Enforcement,Etobicoke
T00506,2024-02-28,2024-03-01,Parking Enforcement,Toronto-West
T00507,2023-06-29,2023-07-01,Water,North York
T00508,2024-05-22,2024-05-25,Water,North York
T00509,2024-06-21,2024-06-23,Roads,North York
T00510,2023-06-02,2023-06-04,Tree Maintenance,Scarborough
T00511,2023-08-19,2023-08-22,Roads,Toronto-East York
T00512,2024-04-19,2024-04-22,Parking Enforcement,Etobicoke
T00513,2023-05-18,2023-05-19,Roads,North York
T00514,2023-12-05,2023-12-05,Animal Services,Scarborough
T00515,2023-07-15,2023-07-15,Waste,North York
T00516,2023-02-10,2023-02-12,Water,Toronto-East York
T00517,2023-08-11,2023-08-12,Roads,Toronto-West
T00518,2023-12-07,2023-12-08,Waste,Scarborough
T00519,2023-05-01,2023-05-05,Water,Toronto-East York
T00520,2023-09-06,2023-09-07,Roads,Scarborough
T00521,2023-11-26,2023-11-26,Animal Services,North York
T00522,2024-01-03,2024-01-04,Parking Enforcement,Etobicoke
T00523,2024-04-25,2024-04-28,Water,North York
T00524,2023-07-28,2023-07-29,Tree Maintenance,Scarborough
T00525,2023-05-30,2023-06-02,Waste,Etobicoke
T00526,2024-03-03,2024-03-05,Waste,Etobicoke
T00527,2023-09-09,2023-09-12,Roads,Toronto-East York
T00528,2023-12-12,2023-12-14,Parking Enforcement,Toronto-East York
T00529,2024-05-17,2024-05-21,Roads,Toronto-East York
T00530,2023-12-27,2023-12-30,Roads,York
T00531,2023-03-02,2023-03-06,Tree Maintenance,Toronto-West
T00532,2023-03-18,2023-03-22,Water,North York
T00533,2023-08-25,2023-08-26,Waste,Scarborough
T00534,2023-08-12,2023-08-13,Tree Maintenance,Toronto-East York
T00535,2024-05-09,2024-05-11,Water,Scarborough
T00536,2024-06-28,2024-06-30,Tree Maintenance,North York
T00537,2023-10-21,2023-10-23,Waste,Toronto-West
T00538,2024-03-16,2024-03-19,Waste,Scarborough
T00539,2023-06-02,2023-06-02,Waste,Toronto-East York
T00540,2023-09-16,2023-09-18,Roads,North York
T00541,2024-02-20,2024-02-21,Roads,Scarborough
T00542,2023-08-20,2023-08-21,Waste,York
T00543,2023-02-02,2023-02-06,Waste,North York
T00544,2024-05-02,2024-05-04,Waste,Etobicoke
T00545,2024-03-20,2024-03-22,Water,North York
T00546,2023-04-08,2023-04-12,Waste,York
T00547,2024-05-01,2024-05-01,Waste,York
T00548,2023-10-15,2023-10-18,Waste,York
T00549,2023-11-19,2023-11-20,Waste,Scarborough
T00550,2023-05-28,2023-05-30,Roads,Scarborough
T00551,2023-06-16,2023-06-16,Tree Maintenance,Etobicoke
T00552,2024-02-03,2024-02-04,Roads,Toronto-East York
T00553,2023-03-22,2023-03-22,Tree Maintenance,York
T00554,2023-02-24,2023-02-27,Waste,Toronto-East York
T00555,2024-02-11,2024-02-13,Parking Enforcement,North York
T00556,2023-10-07,2023-10-09,Waste,Etobicoke
T00557,2024-01-20,2024-01-20,Roads,Toronto-East York
T00558,2024-01-25,2024-01-28,Animal Services,Toronto-East York
T00559,2023-03-26,2023-03-29,Waste,North York
T00560,2023-06-07,2023-06-09,Waste,Scarborough
T00561,2023-11-12,2023-11-13,Roads,Toronto-East York
T00562,2023-04-15,2023-04-17,Roads,Etobicoke
T00563,2024-02-22,2024-02-24,Waste,Scarborough
T00564,2023-04-06,2023-04-06,Parking Enforcement,Scarborough
T00565,2024-02-28,2024-02-28,Roads,Scarborough
T00566,2023-09-06,2023-09-07,Roads,Scarborough
T00567,2023-11-05,2023-11-06,Waste,Scarborough
T00568,2023-06-21,2023-06-22,Roads,Scarborough
T00569,2023-09-15,2023-09-17,Parking Enforcement,Toronto-East York
T00570,2024-05-22,2024-05-23,Waste,North York
T00571,2024-02-10,2024-02-11,Roads,Toronto-East York
T00572,2023-12-04,2023-12-05,Animal Services,Toronto-East York
T00573,2023-05-20,2023-05-22,Roads,Toronto-East York
T00574,2023-07-25,2023-07-26,Roads,North York
T00575,2024-05-17,2024-05-19,Parking Enforcement,Toronto-West
T00576,2023-11-30,2023-11-30,Roads,Scarborough
T00577,2023-07-24,2023-07-27,Tree Maintenance,Etobicoke
T00578,2023-01-28,2023-01-31,Water,North York
T00579,2023-10-26,2023-10-27,Animal Services,Scarborough
T00580,2024-02-23,2024-02-24,Roads,North York
T00581,2023-06-07,2023-06-08,Water,Toronto-West
T00582,2023-03-17,2023-03-17,Tree Maintenance,Etobicoke
T00583,2024-03-04,2024-03-06,Tree Maintenance,Toronto-West
T00584,2024-01-04,2024-01-05,Tree Maintenance,York
T00585,2023-04-22,2023-04-22,Water,Toronto-East York
T00586,2023-12-30,2024-01-02,Tree Maintenance,Toronto-East York
T00587,2024-02-14,2024-02-17,Parking Enforcement,North York
T00588,2024-03-16,2024-03-18,Waste,Toronto-East York
T00589,2023-08-15,2023-08-17,Roads,North York
T00590,2024-05-27,2024-05-31,Roads,North York
T00591,2023-03-29,2023-04-03,Waste,York
T00592,2023-05-26,2023-05-27,Animal Services,Etobicoke
T00593,2023-12-23,2023-12-26,Roads,North York
T00594,2024-04-08,2024-04-09,Animal Services,Scarborough
T00595,2023-12-18,2023-12-21,Water,Toronto-East York
T00596,2023-06-18,2023-06-22,Tree Maintenance,Etobicoke
T00597,2023-12-05,2023-12-06,Tree Maintenance,York
T00598,2023-08-26,2023-08-28,Waste,Toronto-East York
T00599,2024-02-10,2024-02-10,Waste,Toronto-East York
T00600,2023-07-22,2023-07-22,Waste,Scarborough
T00601,2023-10-13,2023-10-15,Water,Toronto-West
T00602,2023-03-06,2023-03-06,Tree Maintenance,North York
T00603,2023-07-21,2023-07-22,Roads,North York
T00604,2024-05-16,2024-05-16,Tree Maintenance,Toronto-East York
T00605,2023-04-27,2023-04-28,Roads,Toronto-West
T00606,2023-06-26,2023-06-29,Waste,Toronto-East York
T00607,2023-03-28,2023-03-28,Water,North York
T00608,2023-09-02,2023-09-04,Water,Etobicoke
T00609,2024-03-04,2024-03-07,Tree Maintenance,Etobicoke
T00610,2024-03-09,2024-03-12,Water,Toronto-East York
T00611,2023-06-27,2023-06-30,Tree Maintenance,Etobicoke
T00612,2023-05-24,2023-05-27,Tree Maintenance,Toronto-West
T00613,2023-01-10,2023-01-14,Roads,Scarborough
T00614,2024-01-29,2024-02-01,Roads,Toronto-East York
T00615,2024-03-01,2024-03-02,Water,North York
T00616,2023-06-21,2023-06-23,Water,North York
T00617,2023-10-09,2023-10-11,Waste,North York
T00618,2024-04-13,2024-04-13,Roads,Etobicoke
T00619,2023-04-27,2023-04-28,Waste,Etobicoke
T00620,2024-01-11,2024-01-11,Water,North York
T00621,2023-08-12,2023-08-13,Parking Enforcement,Scarborough
T00622,2023-09-11,2023-09-11,Roads,North York
T00623,2023-03-31,2023-04-07,Roads,York
T00624,2023-08-31,2023-09-02,Water,Toronto-West
T00625,2024-03-14,2024-03-18,Waste,Scarborough
T00626,2023-07-31,2023-08-03,Tree Maintenance,Etobicoke
T00627,2023-06-22,2023-06-22,Roads,Toronto-East York
T00628,2023-10-24,2023-10-24,Tree Maintenance,York
T00629,2023-04-08,2023-04-08,Waste,Toronto-East York
T00630,2024-02-26,2024-03-02,Parking Enforcement,Scarborough
T00631,2023-05-16,2023-05-16,Waste,Toronto-East York
T00632,2023-09-11,2023-09-13,Roads,Etobicoke
T00633,2023-10-03,2023-10-03,Water,North York
T00634,2023-03-19,2023-03-19,Waste,Etobicoke
T00635,2023-10-12,2023-10-12,Water,Toronto-West
T00636,2024-04-10,2024-04-13,Waste,Toronto-East York
T00637,2023-04-06,2023-04-07,Water,Etobicoke
T00638,2024-01-02,2024-01-05,Roads,York
T00639,2023-08-05,2023-08-05,Roads,North York
T00640,2023-10-18,2023-10-19,Tree Maintenance,Etobicoke
T00641,2023-12-18,2023-12-21,Parking Enforcement,Toronto-East York
T00642,2023-02-17,2023-02-21,Roads,Scarborough
T00643,2023-06-11,2023-06-14,Roads,Scarborough
T00644,2024-03-14,2024-03-16,Waste,Toronto-East York
T00645,2023-06-12,2023-06-16,Parking Enforcement,Toronto-West
T00646,2023-04-06,2023-04-07,Roads,York
T00647,2023-06-19,2023-06-20,Waste,Toronto-East York
T00648,2023-08-28,2023-08-29,Waste,Scarborough
T00649,2023-03-21,2023-03-23,Waste,Scarborough
T00650,2024-03-31,2024-04-04,Animal Services,York
T00651,2024-03-08,2024-03-10,Water,Etobicoke
T00652,2023-08-23,2023-08-23,Waste,North York
T00653,2023-11-03,2023-11-06,Waste,Toronto-East York
T00654,2023-05-17,2023-05-18,Waste,Etobicoke
T00655,2023-06-18,2023-06-18,Roads,Toronto-East York
T00656,2023-06-05,2023-06-08,Roads,Scarborough
T00657,2023-04-13,2023-04-14,Waste,Scarborough
T00658,2024-01-29,2024-01-30,Animal Services,Scarborough
T00659,2023-03-28,2023-03-31,Waste,Toronto-East York
T00660,2023-10-19,2023-10-21,Animal Services,Toronto-East York
T00661,2023-11-05,2023-11-05,Waste,Toronto-East York
T00662,2023-07-13,2023-07-15,Waste,Toronto-West
T00663,2023-09-03,2023-09-04,Roads,Scarborough
T00664,2024-05-26,2024-05-27,Parking Enforcement,Scarborough
T00665,2024-01-05,2024-01-06,Parking Enforcement,Scarborough
T00666,2024-03-06,2024-03-06,Water,York
T00667,2023-03-16,2023-03-19,Waste,Scarborough
T00668,2023-09-26,2023-09-28,Parking Enforcement,North York
T00669,2023-10-21,2023-10-26,Water,Etobicoke
T00670,2024-03-01,2024-03-02,Water,Etobicoke
T00671,2023-06-06,2023-06-08,Waste,North York
T00672,2024-06-07,2024-06-12,Waste,North York
T00673,2023-03-09,2023-03-09,Roads,North York
T00674,2023-09-02,2023-09-04,Roads,Etobicoke
T00675,2023-02-26,2023-02-28,Roads,Toronto-East York
T00676,2023-06-29,2023-07-02,Water,Scarborough
T00677,2023-12-22,2023-12-25,Tree Maintenance,Toronto-West
T00678,2023-09-23,2023-09-25,Animal Services,North York
T00679,2023-05-01,2023-05-03,Animal Services,Scarborough
T00680,2024-03-15,2024-03-17,Water,Etobicoke
T00681,2023-03-20,2023-03-22,Roads,Etobicoke
T00682,2023-02-26,2023-02-26,Roads,North York
T00683,2023-04-16,2023-04-18,Parking Enforcement,Toronto-East York
T00684,2023-04-29,2023-05-01,Waste,Toronto-West
T00685,2023-09-08,2023-09-11,Waste,North York
T00686,2023-06-03,2023-06-06,Waste,Toronto-West
T00687,2024-03-05,2024-03-10,Waste,Scarborough
T00688,2023-11-24,2023-11-26,Roads,Etobicoke
T00689,2023-02-23,2023-02-25,Waste,Toronto-West
T00690,2023-02-17,2023-02-19,Roads,North York
T00691,2023-11-15,2023-11-17,Roads,Etobicoke
T00692,2023-01-09,2023-01-10,Animal Services,Toronto-East York
T00693,2023-09-06,2023-09-09,Roads,Etobicoke
T00694,2024-05-20,2024-05-24,Water,Etobicoke
T00695,2023-09-09,2023-09-11,Waste,York
T00696,2023-01-25,2023-01-27,Animal Services,Toronto-West
T00697,2023-12-10,2023-12-13,Waste,Toronto-East York
T00698,2023-11-11,2023-11-14,Waste,Etobicoke
T00699,2023-03-03,2023-03-06,Parking Enforcement,Scarborough
T00700,2023-10-14,2023-10-18,Parking Enforcement,Etobicoke
T00701,2024-01-17,2024-01-20,Roads,Toronto-East York
T00702,2023-04-08,2023-04-08,Roads,Etobicoke
T00703,2023-03-05,2023-03-07,Roads,York
T00704,2023-08-31,2023-09-01,Parking Enforcement,North York
T00705,2023-12-01,2023-12-05,Roads,North York
T00706,2023-03-18,2023-03-20,Animal Services,Scarborough
T00707,2023-04-19,2023-04-21,Waste,Etobicoke
T00708,2024-02-21,2024-02-24,Animal Services,Etobicoke
T00709,2024-04-19,2024-04-22,Waste,Scarborough
T00710,2023-06-11,2023-06-13,Water,Toronto-East York
T00711,2023-08-09,2023-08-10,Animal Services,North York
T00712,2023-04-04,2023-04-05,Roads,Scarborough
T00713,2023-11-03,2023-11-03,Waste,York
T00714,2023-02-01,2023-02-05,Tree Maintenance,Etobicoke
T00715,2023-04-07,2023-04-08,Roads,Toronto-West
T00716,2023-05-24,2023-05-26,Animal Services,Scarborough
T00717,2023-07-22,2023-07-24,Animal Services,North York
T00718,2023-03-28,2023-03-29,Animal Services,Scarborough
T00719,2023-03-08,2023-03-09,Waste,Toronto-East York
T00720,2023-05-12,2023-05-16,Animal Services,Scarborough
T00721,2024-04-17,2024-04-20,Waste,York
T00722,2024-03-19,2024-03-21,Waste,Toronto-East York
T00723,2023-06-26,2023-06-27,Roads,York
T00724,2023-10-09,2023-10-10,Waste,Toronto-East York
T00725,2023-09-09,2023-09-13,Water,Etobicoke
T00726,2024-05-05,2024-05-08,Waste,Scarborough
T00727,2024-06-22,2024-06-24,Waste,York
T00728,2023-01-20,2023-01-24,Roads,Etobicoke
T00729,2024-05-11,2024-05-13,Roads,Etobicoke
T00730,2023-11-26,2023-11-27,Roads,Scarborough
T00731,2023-10-15,2023-10-17,Waste,York
T00732,2024-06-26,2024-06-27,Waste,Scarborough
T00733,2023-09-11,2023-09-14,Water,North York
T00734,2023-02-27,2023-03-01,Tree Maintenance,York
T00735,2024-02-02,2024-02-02,Roads,Toronto-West
T00736,2023-06-27,2023-06-30,Animal Services,Toronto-East York
T00737,2023-01-29,2023-02-01,Water,North York
T00738,2023-05-26,2023-05-27,Parking Enforcement,Toronto-West
T00739,2024-05-19,2024-05-20,Tree Maintenance,Scarborough
T00740,2023-02-08,2023-02-11,Waste,Etobicoke
T00741,2023-01-01,2023-01-03,Roads,Toronto-East York
T00742,2023-05-14,2023-05-15,Animal Services,Toronto-West
T00743,2023-03-02,2023-03-04,Waste,Etobicoke
T00744,2023-05-26,2023-05-28,Parking Enforcement,York
T00745,2024-01-18,2024-01-18,Water,Toronto-East York
T00746,2023-04-14,2023-04-15,Parking Enforcement,Toronto-East York
T00747,2024-03-23,2024-03-26,Animal Services,York
T00748,2023-11-21,2023-11-24,Water,York
T00749,2024-01-01,2024-01-06,Waste,Etobicoke
T00750,2023-06-29,2023-06-29,Waste,Scarborough
T00751,2023-01-02,2023-01-05,Parking Enforcement,York
T00752,2024-02-05,2024-02-08,Tree Maintenance,Scarborough
T00753,2023-11-22,2023-11-22,Parking Enforcement,York
T00754,2023-08-15,2023-08-16,Roads,North York
T00755,2023-03-21,2023-03-22,Waste,York
T00756,2023-06-21,2023-06-21,Animal Services,Toronto-East York
T00757,2023-12-10,2023-12-10,Roads,North York
T00758,2023-09-13,2023-09-14,Animal Services,Toronto-East York
T00759,2023-02-19,2023-02-20,Roads,Toronto-East York
T00760,2023-06-20,2023-06-23,Roads,Etobicoke
T00761,2023-04-14,2023-04-15,Animal Services,Toronto-West
T00762,2023-08-19,2023-08-21,Animal Services,North York
T00763,2023-11-23,2023-11-25,Waste,Scarborough
T00764,2023-12-17,2023-12-19,Water,Etobicoke
T00765,2023-04-06,2023-04-09,Roads,York
T00766,2024-05-09,2024-05-10,Water,Toronto-East York
T00767,2024-03-20,2024-03-20,Waste,Scarborough
T00768,2023-07-30,2023-08-02,Tree Maintenance,York
T00769,2023-09-29,2023-10-01,Water,North York
T00770,2023-04-09,2023-04-12,Animal Services,Scarborough
T00771,2024-01-05,2024-01-07,Waste,Scarborough
T00772,2024-05-06,2024-05-08,Waste,North York
T00773,2023-03-25,2023-03-27,Roads,Scarborough
T00774,2024-02-12,2024-02-12,Waste,Toronto-East York
T00775,2024-02-01,2024-02-03,Waste,Toronto-West
T00776,2024-01-14,2024-01-16,Roads,North York
T00777,2023-10-03,2023-10-05,Tree Maintenance,Scarborough
T00778,2023-04-10,2023-04-13,Tree Maintenance,York
T00779,2023-08-21,2023-08-23,Tree Maintenance,Toronto-West
T00780,2024-06-19,2024-06-19,Parking Enforcement,Etobicoke
T00781,2023-08-30,2023-09-02,Roads,Scarborough
T00782,2023-02-05,2023-02-05,Animal Services,Toronto-East York
T00783,2023-05-31,2023-06-02,Waste,Toronto-East York
T00784,2023-06-27,2023-06-30,Waste,Scarborough
T00785,2023-02-13,2023-02-15,Roads,York
T00786,2024-03-21,2024-03-24,Waste,Etobicoke
T00787,2023-11-24,2023-11-28,Parking Enforcement,York
T00788,2023-03-10,2023-03-13,Tree Maintenance,Toronto-West
T00789,2024-06-16,2024-06-19,Roads,Toronto-West
T00790,2024-06-19,2024-06-21,Waste,Etobicoke
T00791,2023-04-13,2023-04-14,Parking Enforcement,Etobicoke
T00792,2023-04-14,2023-04-16,Parking Enforcement,Toronto-West
T00793,2023-09-28,2023-09-28,Roads,Etobicoke
T00794,2024-04-29,2024-05-02,Waste,Toronto-East York
T00795,2024-02-16,2024-02-18,Waste,Toronto-West
T00796,2023-12-06,2023-12-08,Roads,North York
T00797,2024-01-17,2024-01-18,Waste,Toronto-West
T00798,2023-11-07,2023-11-08,Parking Enforcement,Toronto-East York
T00799,2023-08-22,2023-08-26,Waste,York
T00800,2024-03-29,2024-03-31,Water,Toronto-East York
T00801,2023-04-02,2023-04-03,Waste,Scarborough
T00802,2024-02-21,2024-02-23,Parking Enforcement,Toronto-West
T00803,2024-06-11,2024-06-11,Animal Services,Scarborough
T00804,2024-06-02,2024-06-02,Tree Maintenance,Etobicoke
T00805,2023-06-27,2023-06-30,Waste,Toronto-West
T00806,2023-03-01,2023-03-03,Parking Enforcement,Toronto-East York
T00807,2023-10-08,2023-10-11,Roads,Etobicoke
T00808,2024-02-11,2024-02-12,Waste,North York
T00809,2024-04-01,2024-04-02,Waste,Toronto-West
T00810,2023-12-25,2023-12-25,Waste,Toronto-West
T00811,2023-04-03,2023-04-07,Waste,North York
T00812,2023-06-16,2023-06-19,Waste,Scarborough
T00813,2023-08-19,2023-08-19,Water,North York
T00814,2024-02-24,2024-02-24,Parking Enforcement,Toronto-East York
T00815,2024-04-30,2024-05-02,Parking Enforcement,Toronto-East York
T00816,2023-01-09,2023-01-11,Parking Enforcement,Toronto-East York
T00817,2023-10-09,2023-10-13,Roads,North York
T00818,2023-12-24,2023-12-25,Roads,Etobicoke
T00819,2024-02-11,2024-02-13,Tree Maintenance,Scarborough
T00820,2024-01-19,2024-01-19,Waste,Toronto-East York
T00821,2024-05-08,2024-05-09,Waste,York
T00822,2023-11-29,2023-12-01,Water,Toronto-West
T00823,2023-11-02,2023-11-03,Waste,Etobicoke
T00824,2023-09-04,2023-09-08,Animal Services,Toronto-East York
T00825,2023-11-24,2023-11-24,Water,Toronto-East York
T00826,2024-05-24,2024-05-27,Roads,North York
T00827,2023-02-06,2023-02-08,Tree Maintenance,York
T00828,2023-07-14,2023-07-15,Water,Toronto-East York
T00829,2024-05-02,2024-05-06,Parking Enforcement,Toronto-East York
T00830,2024-06-03,2024-06-05,Water,Etobicoke
T00831,2023-10-28,2023-10-31,Waste,Scarborough
T00832,2023-09-22,2023-09-24,Parking Enforcement,York
T00833,2023-12-10,2023-12-10,Water,Scarborough
T00834,2023-08-17,2023-08-19,Animal Services,North York
T00835,2023-09-24,2023-09-25,Tree Maintenance,Etobicoke
T00836,2023-05-01,2023-05-01,Tree Maintenance,York
T00837,2023-03-14,2023-03-16,Roads,Scarborough
T00838,2023-05-03,2023-05-06,Waste,Scarborough
T00839,2023-06-04,2023-06-05,Waste,Scarborough
T00840,2024-02-24,2024-02-29,Parking Enforcement,Scarborough
T00841,2023-07-04,2023-07-06,Animal Services,Etobicoke
T00842,2023-07-01,2023-07-03,Roads,Scarborough
T00843,2023-06-22,2023-06-24,Tree Maintenance,Scarborough
T00844,2023-04-01,2023-04-04,Roads,North York
T00845,2024-05-03,2024-05-06,Roads,Scarborough
T00846,2023-07-24,2023-07-25,Parking Enforcement,Toronto-East York
T00847,2024-06-27,2024-06-27,Waste,Toronto-East York
T00848,2023-09-12,2023-09-14,Roads,Scarborough
T00849,2024-05-30,2024-06-03,Tree Maintenance,Scarborough
T00850,2023-02-16,2023-02-17,Water,Etobicoke
T00851,2023-12-12,2023-12-15,Roads,Toronto-East York
T00852,2023-05-18,2023-05-18,Roads,Scarborough
T00853,2024-02-18,2024-02-22,Waste,Scarborough
T00854,2023-05-15,2023-05-17,Tree Maintenance,Scarborough
T00855,2023-02-08,2023-02-10,Roads,Toronto-East York
T00856,2023-02-19,2023-02-20,Waste,Toronto-West
T00857,2023-02-19,2023-02-21,Water,North York
T00858,2024-01-25,2024-01-28,Water,Scarborough
T00859,2023-01-10,2023-01-12,Roads,Toronto-East York
T00860,2024-06-16,2024-06-18,Waste,Toronto-West
T00861,2023-04-18,2023-04-22,Tree Maintenance,Toronto-East York
T00862,2023-10-17,2023-10-19,Waste,Scarborough
T00863,2023-09-27,2023-09-29,Animal Services,York
T00864,2024-01-02,2024-01-03,Waste,Etobicoke
T00865,2023-08-01,2023-08-02,Water,Etobicoke
T00866,2023-08-29,2023-09-02,Parking Enforcement,Toronto-West
T00867,2024-05-20,2024-05-22,Waste,Scarborough
T00868,2024-06-07,2024-06-11,Parking Enforcement,Toronto-East York
T00869,2024-04-12,2024-04-15,Parking Enforcement,North York
T00870,2024-04-20,2024-04-24,Parking Enforcement,Toronto-West
T00871,2024-01-04,2024-01-07,Animal Services,North York
T00872,2023-04-29,2023-05-03,Waste,Toronto-West
T00873,2023-06-24,2023-06-27,Roads,Toronto-West
T00874,2023-10-02,2023-10-04,Animal Services,Scarborough
T00875,2024-02-15,2024-02-16,Roads,Etobicoke
T00876,2024-01-30,2024-01-31,Roads,Toronto-West
T00877,2023-06-20,2023-06-20,Waste,Toronto-East York
T00878,2023-03-02,2023-03-06,Waste,York
T00879,2024-05-09,2024-05-11,Animal Services,Toronto-East York
T00880,2023-07-05,2023-07-05,Tree Maintenance,Toronto-West
T00881,2023-05-14,2023-05-14,Roads,Etobicoke
T00882,2024-02-26,2024-02-27,Water,Scarborough
T00883,2024-06-21,2024-06-23,Water,Etobicoke
T00884,2023-08-18,2023-08-22,Roads,Etobicoke
T00885,2023-04-08,2023-04-10,Roads,Toronto-East York
T00886,2024-05-08,2024-05-09,Roads,Toronto-West
T00887,2023-02-25,2023-02-28,Waste,York
T00888,2024-06-01,2024-06-04,Parking Enforcement,Scarborough
T00889,2024-05-18,2024-05-18,Roads,North York
T00890,2023-10-12,2023-10-15,Water,North York
T00891,2023-08-29,2023-08-31,Waste,North York
T00892,2024-04-03,2024-04-06,Roads,York
T00893,2023-01-19,2023-01-22,Waste,North York
T00894,2023-01-01,2023-01-04,Parking Enforcement,Toronto-East York
T00895,2024-06-04,2024-06-04,Tree Maintenance,Toronto-East York
T00896,2024-04-12,2024-04-15,Waste,Scarborough
T00897,2024-04-10,2024-04-11,Roads,Toronto-East York
T00898,2024-04-29,2024-05-01,Roads,Scarborough
T00899,2023-08-16,2023-08-17,Waste,North York
T00900,2023-10-26,2023-10-27,Waste,Toronto-West
T00901,2024-05-19,2024-05-20,Waste,Toronto-East York
T00902,2024-02-24,2024-02-27,Waste,York
T00903,2024-02-07,2024-02-10,Waste,Toronto-West
T00904,2023-07-15,2023-07-17,Roads,York
T00905,2023-05-07,2023-05-08,Animal Services,Etobicoke
T00906,2024-05-31,2024-06-03,Tree Maintenance,Scarborough
T00907,2024-03-19,2024-03-22,Animal Services,Etobicoke
T00908,2024-06-04,2024-06-06,Water,Scarborough
T00909,2023-05-12,2023-05-12,Waste,Toronto-East York
T00910,2023-11-26,2023-11-27,Parking Enforcement,York
T00911,2023-09-12,2023-09-14,Waste,York
T00912,2023-10-29,2023-10-30,Roads,Toronto-East York
T00913,2024-06-08,2024-06-10,Waste,Toronto-East York
T00914,2023-11-18,2023-11-19,Water,Scarborough
T00915,2023-10-25,2023-10-25,Water,York
T00916,2023-05-16,2023-05-20,Parking Enforcement,Etobicoke
T00917,2023-11-27,2023-11-29,Water,Toronto-East York
T00918,2024-05-06,2024-05-06,Water,Toronto-East York
T00919,2023-10-20,2023-10-20,Parking Enforcement,North York
T00920,2023-01-14,2023-01-16,Waste,Toronto-East York
T00921,2023-07-24,2023-07-26,Waste,Toronto-West
T00922,2023-10-21,2023-10-23,Waste,Toronto-West
T00923,2023-07-28,2023-07-29,Water,Scarborough
T00924,2024-04-08,2024-04-12,Water,Toronto-West
T00925,2024-02-03,2024-02-06,Waste,Toronto-West
T00926,2023-10-22,2023-10-24,Roads,North York
T00927,2023-11-17,2023-11-18,Parking Enforcement,Scarborough
T00928,2023-09-15,2023-09-18,Parking Enforcement,North York
T00929,2023-08-19,2023-08-23,Parking Enforcement,Toronto-East York
T00930,2024-01-12,2024-01-14,Tree Maintenance,Toronto-East York
T00931,2023-07-18,2023-07-18,Waste,Scarborough
T00932,2023-03-18,2023-03-20,Tree Maintenance,North York
T00933,2024-03-14,2024-03-17,Waste,North York
T00934,2023-06-14,2023-06-15,Roads,Toronto-East York
T00935,2023-06-08,2023-06-09,Waste,York
T00936,2023-02-22,2023-02-24,Animal Services,North York
T00937,2024-01-02,2024-01-02,Waste,Toronto-East York
T00938,2024-06-22,2024-06-24,Waste,Etobicoke
T00939,2024-03-01,2024-03-04,Tree Maintenance,North York
T00940,2023-12-24,2023-12-26,Roads,North York
T00941,2023-08-12,2023-08-15,Parking Enforcement,Toronto-East York
T00942,2024-05-01,2024-05-05,Parking Enforcement,Scarborough
T00943,2023-12-21,2023-12-23,Roads,York
T00944,2023-09-07,2023-09-11,Roads,York
T00945,2023-04-27,2023-04-28,Roads,Etobicoke
T00946,2023-10-17,2023-10-20,Animal Services,Etobicoke
T00947,2024-06-04,2024-06-06,Roads,Scarborough
T00948,2023-07-17,2023-07-19,Waste,York
T00949,2023-01-08,2023-01-10,Water,Scarborough
T00950,2023-08-07,2023-08-10,Waste,Etobicoke
T00951,2024-03-21,2024-03-22,Water,York
T00952,2023-06-07,2023-06-11,Waste,Scarborough
T00953,2023-07-02,2023-07-04,Animal Services,Etobicoke
T00954,2023-08-22,2023-08-25,Roads,North York
T00955,2023-11-20,2023-11-21,Waste,Toronto-East York
T00956,2023-01-07,2023-01-08,Water,Etobicoke
T00957,2023-03-16,2023-03-16,Roads,Etobicoke
T00958,2023-10-24,2023-10-26,Waste,Toronto-East York
T00959,2024-03-24,2024-03-25,Roads,Toronto-West
T00960,2023-02-01,2023-02-01,Waste,North York
T00961,2023-10-30,2023-11-01,Parking Enforcement,Scarborough
T00962,2024-01-18,2024-01-20,Parking Enforcement,Scarborough
T00963,2023-02-12,2023-02-14,Waste,Etobicoke
T00964,2023-03-29,2023-03-30,Parking Enforcement,North York
T00965,2024-02-27,2024-03-02,Parking Enforcement,Toronto-West
T00966,2023-05-26,2023-05-28,Animal Services,Scarborough
T00967,2023-07-05,2023-07-08,Water,Etobicoke
T00968,2023-02-25,2023-03-01,Parking Enforcement,Etobicoke
T00969,2023-03-16,2023-03-16,Waste,Scarborough
T00970,2023-04-11,2023-04-13,Parking Enforcement,North York
T00971,2023-08-29,2023-09-01,Waste,Toronto-East York
T00972,2023-07-18,2023-07-19,Tree Maintenance,North York
T00973,2023-06-06,2023-06-09,Tree Maintenance,North York
T00974,2023-11-20,2023-11-23,Roads,Toronto-West
T00975,2024-03-22,2024-03-24,Waste,North York
T00976,2023-12-06,2023-12-09,Roads,North York
T00977,2023-04-22,2023-04-23,Waste,Toronto-East York
T00978,2023-10-15,2023-10-17,Tree Maintenance,North York
T00979,2023-03-20,2023-03-21,Water,Toronto-West
T00980,2024-06-03,2024-06-03,Tree Maintenance,Toronto-East York
T00981,2023-08-06,2023-08-06,Parking Enforcement,Etobicoke
T00982,2024-04-28,2024-04-29,Roads,Toronto-West
T00983,2023-10-25,2023-10-26,Waste,Etobicoke
T00984,2023-04-03,2023-04-04,Water,Toronto-West
T00985,2023-06-19,2023-06-22,Water,Scarborough
T00986,2023-06-13,2023-06-16,Water,York
T00987,2024-05-10,2024-05-15,Parking Enforcement,Scarborough
T00988,2024-05-14,2024-05-16,Waste,Toronto-East York
T00989,2024-06-14,2024-06-17,Parking Enforcement,North York
T00990,2024-04-25,2024-04-29,Waste,Toronto-East York
T00991,2023-04-16,2023-04-16,Water,Etobicoke
T00992,2023-10-08,2023-10-10,Tree Maintenance,Scarborough
T00993,2024-01-23,2024-01-24,Roads,Toronto-East York
T00994,2023-03-21,2023-03-22,Parking Enforcement,Etobicoke
T00995,2023-12-28,2023-12-30,Animal Services,North York
T00996,2024-05-08,2024-05-10,Parking Enforcement,North York
T00997,2023-08-24,2023-08-26,Waste,Toronto-East York
T00998,2023-08-05,2023-08-07,Tree Maintenance,Toronto-West
T00999,2023-08-24,2023-08-26,Roads,North York
T01000,2023-04-27,2023-04-27,Waste,Scarborough
T01001,2024-02-25,2024-02-27,Waste,Scarborough
T01002,2023-06-14,2023-06-17,Parking Enforcement,Scarborough
T01003,2023-06-20,2023-06-23,Waste,Scarborough
T01004,2024-02-20,2024-02-20,Waste,Toronto-East York
T01005,2023-10-18,2023-10-19,Parking Enforcement,Scarborough
T01006,2024-04-27,2024-04-29,Animal Services,Toronto-East York
T01007,2023-07-06,2023-07-07,Water,Etobicoke
T01008,2023-06-21,2023-06-23,Roads,Etobicoke
T01009,2023-08-24,2023-08-25,Roads,Scarborough
T01010,2023-01-17,2023-01-20,Tree Maintenance,North York
T01011,2023-06-03,2023-06-07,Tree Maintenance,Scarborough
T01012,2023-02-09,2023-02-12,Water,Scarborough
T01013,2023-05-14,2023-05-15,Parking Enforcement,Etobicoke
T01014,2023-01-02,2023-01-06,Water,Etobicoke
T01015,2024-01-15,2024-01-15,Parking Enforcement,Toronto-East York
T01016,2024-03-15,2024-03-17,Animal Services,North York
T01017,2023-04-11,2023-04-15,Roads,North York
T01018,2023-08-27,2023-08-29,Tree Maintenance,Etobicoke
T01019,2023-09-21,2023-09-23,Waste,Toronto-East York
T01020,2023-01-08,2023-01-09,Waste,Toronto-East York
T01021,2023-11-20,2023-11-21,Roads,Scarborough
T01022,2024-03-12,2024-03-13,Parking Enforcement,North York
T01023,2024-01-10,2024-01-11,Tree Maintenance,York
T01024,2024-02-11,2024-02-13,Animal Services,Etobicoke
T01025,2024-01-15,2024-01-15,Tree Maintenance,Etobicoke
T01026,2023-11-11,2023-11-11,Roads,Scarborough
T01027,2023-05-02,2023-05-03,Water,North York
T01028,2023-06-15,2023-06-18,Animal Services,Toronto-West
T01029,2023-02-23,2023-02-26,Waste,York
T01030,2023-01-06,2023-01-09,Roads,Toronto-East York
T01031,2023-04-01,2023-04-01,Waste,Scarborough
T01032,2023-03-23,2023-03-23,Parking Enforcement,North York
T01033,2024-06-17,2024-06-17,Waste,York
T01034,2023-02-28,2023-03-04,Water,North York
T01035,2023-07-26,2023-07-27,Parking Enforcement,York
T01036,2024-06-14,2024-06-16,Tree Maintenance,Etobicoke
T01037,2023-08-26,2023-08-28,Tree Maintenance,Toronto-East York
T01038,2024-01-04,2024-01-06,Waste,York
T01039,2024-02-14,2024-02-16,Roads,North York
T01040,2023-07-25,2023-07-25,Waste,Scarborough
T01041,2023-10-19,2023-10-21,Water,Etobicoke
T01042,2023-12-23,2023-12-23,Waste,York
T01043,2024-04-10,2024-04-14,Parking Enforcement,Etobicoke
T01044,2023-09-25,2023-09-28,Tree Maintenance,Etobicoke
T01045,2023-12-15,2023-12-18,Parking Enforcement,Toronto-West
T01046,2023-09-21,2023-09-24,Tree Maintenance,Toronto-East York
T01047,2024-01-22,2024-01-22,Tree Maintenance,Toronto-East York
T01048,2023-12-14,2023-12-17,Roads,Etobicoke
T01049,2023-01-29,2023-01-30,Roads,North York
T01050,2024-01-27,2024-01-27,Water,Scarborough
T01051,2023-11-20,2023-11-20,Roads,North York
T01052,2023-01-10,2023-01-11,Waste,North York
T01053,2023-12-17,2023-12-18,Waste,York
T01054,2024-05-02,2024-05-03,Tree Maintenance,Scarborough
T01055,2023-07-14,2023-07-17,Roads,Scarborough
T01056,2023-09-05,2023-09-07,Waste,Scarborough
T01057,2023-12-31,2024-01-01,Waste,Scarborough
T01058,2023-03-22,2023-03-23,Tree Maintenance,Toronto-East York
T01059,2023-02-13,2023-02-13,Animal Services,North York
T01060,2023-11-19,2023-11-19,Parking Enforcement,Toronto-West
T01061,2024-05-17,2024-05-19,Waste,Toronto-East York
T01062,2024-06-07,2024-06-09,Tree Maintenance,Scarborough
T01063,2024-03-09,2024-03-12,Roads,Etobicoke
T01064,2024-05-29,2024-05-29,Animal Services,Etobicoke
T01065,2023-05-04,2023-05-08,Water,Etobicoke
T01066,2023-01-09,2023-01-12,Tree Maintenance,North York
T01067,2023-09-23,2023-09-25,Waste,North York
T01068,2023-10-03,2023-10-03,Roads,Etobicoke
T01069,2023-08-04,2023-08-06,Roads,Toronto-East York
T01070,2024-01-09,2024-01-11,Waste,Scarborough
T01071,2023-08-23,2023-08-24,Animal Services,Toronto-East York
T01072,2023-08-30,2023-08-30,Waste,Toronto-West
T01073,2023-06-03,2023-06-04,Roads,Scarborough
T01074,2024-03-07,2024-03-07,Animal Services,Etobicoke
T01075,2023-11-20,2023-11-22,Animal Services,North York
T01076,2023-02-18,2023-02-18,Waste,Toronto-West
T01077,2024-05-02,2024-05-05,Animal Services,Scarborough
T01078,2023-12-09,2023-12-11,Tree Maintenance,Toronto-West
T01079,2023-12-19,2023-12-22,Waste,Scarborough
T01080,2023-07-23,2023-07-23,Tree Maintenance,York
T01081,2023-10-19,2023-10-20,Roads,Toronto-East York
T01082,2024-05-14,2024-05-16,Waste,Toronto-East York
T01083,2024-04-19,2024-04-19,Water,Scarborough
T01084,2023-06-21,2023-06-21,Roads,Toronto-East York
T01085,2024-02-19,2024-02-19,Animal Services,Scarborough
T01086,2023-06-15,2023-06-16,Water,Toronto-East York
T01087,2024-02-09,2024-02-12,Waste,North York
T01088,2024-01-07,2024-01-09,Roads,Scarborough
T01089,2023-01-24,2023-01-24,Waste,Scarborough
T01090,2023-09-15,2023-09-19,Waste,Scarborough
T01091,2023-04-16,2023-04-17,Waste,York
T01092,2024-04-29,2024-05-01,Roads,Toronto-East York
T01093,2023-03-27,2023-03-29,Waste,Toronto-East York
T01094,2023-03-28,2023-03-28,Roads,Scarborough
T01095,2023-10-18,2023-10-18,Roads,Scarborough
T01096,2024-06-23,2024-06-25,Water,Toronto-West
T01097,2023-11-30,2023-12-02,Parking Enforcement,Etobicoke
T01098,2023-10-06,2023-10-07,Parking Enforcement,Etobicoke
T01099,2024-04-12,2024-04-14,Water,Toronto-East York
T01100,2024-03-21,2024-03-21,Roads,North York
T01101,2023-08-21,2023-08-23,Animal Services,North York
T01102,2024-01-10,2024-01-11,Waste,Etobicoke
T01103,2023-05-20,2023-05-22,Roads,Etobicoke
T01104,2023-01-09,2023-01-10,Water,North York
T01105,2024-03-16,2024-03-16,Animal Services,Etobicoke
T01106,2023-01-08,2023-01-09,Parking Enforcement,North York
T01107,2023-09-13,2023-09-15,Waste,Toronto-East York
T01108,2024-02-04,2024-02-06,Waste,Toronto-East York
T01109,2024-06-13,2024-06-14,Water,York
T01110,2023-10-06,2023-10-07,Animal Services,North York
T01111,2023-03-12,2023-03-16,Waste,North York
T01112,2024-04-11,2024-04-12,Water,Scarborough
T01113,2023-01-20,2023-01-21,Waste,York
T01114,2023-01-23,2023-01-25,Waste,Toronto-East York
T01115,2023-01-09,2023-01-11,Waste,Scarborough
T01116,2024-05-20,2024-05-22,Animal Services,Etobicoke
T01117,2024-01-16,2024-01-19,Roads,Toronto-West
T01118,2023-12-05,2023-12-09,Waste,North York
T01119,2024-02-06,2024-02-09,Waste,Etobicoke
T01120,2023-07-16,2023-07-19,Roads,Scarborough
T01121,2023-09-12,2023-09-13,Roads,York
T01122,2023-09-11,2023-09-13,Roads,Toronto-East York
T01123,2024-06-17,2024-06-18,Water,Scarborough
T01124,2024-02-03,2024-02-04,Roads,Toronto-East York
T01125,2023-02-13,2023-02-14,Water,Etobicoke
T01126,2023-05-06,2023-05-08,Waste,Toronto-West
T01127,2023-08-12,2023-08-16,Parking Enforcement,Scarborough
T01128,2024-03-20,2024-03-21,Waste,Scarborough
T01129,2023-09-06,2023-09-09,Waste,Scarborough
T01130,2024-05-01,2024-05-03,Animal Services,Scarborough
T01131,2024-05-26,2024-05-27,Waste,Toronto-East York
T01132,2023-03-03,2023-03-07,Water,Toronto-West
T01133,2023-05-09,2023-05-11,Roads,North York
T01134,2023-12-22,2023-12-24,Waste,Toronto-East York
T01135,2024-01-02,2024-01-02,Water,North York
T01136,2023-02-10,2023-02-10,Waste,Toronto-East York
T01137,2023-07-14,2023-07-16,Tree Maintenance,Etobicoke
T01138,2023-11-28,2023-11-30,Animal Services,York
T01139,2023-06-14,2023-06-15,Waste,Scarborough
T01140,2023-10-30,2023-11-01,Roads,Toronto-East York
T01141,2024-06-02,2024-06-02,Roads,Scarborough
T01142,2023-01-20,2023-01-21,Water,North York
T01143,2023-03-06,2023-03-07,Water,Etobicoke
T01144,2024-02-01,2024-02-04,Water,Scarborough
T01145,2023-10-17,2023-10-21,Roads,Toronto-East York
T01146,2023-04-24,2023-04-27,Waste,York
T01147,2023-07-02,2023-07-05,Parking Enforcement,Scarborough
T01148,2024-05-12,2024-05-14,Water,North York
T01149,2024-05-16,2024-05-18,Tree Maintenance,Toronto-East York
T01150,2023-09-20,2023-09-23,Water,Scarborough
T01151,2023-08-02,2023-08-04,Water,York
T01152,2023-03-23,2023-03-23,Roads,Toronto-East York
T01153,2024-03-01,2024-03-03,Animal Services,Toronto-West
T01154,2023-03-01,2023-03-03,Waste,Scarborough
T01155,2023-11-08,2023-11-09,Waste,Scarborough
T01156,2024-06-15,2024-06-19,Tree Maintenance,Scarborough
T01157,2024-06-22,2024-06-25,Water,Etobicoke
T01158,2023-07-03,2023-07-03,Water,Toronto-East York
T01159,2024-01-02,2024-01-03,Water,Toronto-East York
T01160,2024-03-13,2024-03-15,Waste,North York
T01161,2023-12-12,2023-12-13,Water,Etobicoke
T01162,2024-03-29,2024-04-02,Tree Maintenance,York
T01163,2024-01-16,2024-01-17,Roads,Toronto-East York
T01164,2023-11-28,2023-11-29,Waste,Toronto-East York
T01165,2023-09-18,2023-09-19,Roads,Etobicoke
T01166,2024-02-11,2024-02-13,Waste,Scarborough
T01167,2023-05-19,2023-05-21,Parking Enforcement,North York
T01168,2023-11-04,2023-11-07,Roads,Toronto-East York
T01169,2023-10-10,2023-10-12,Parking Enforcement,Etobicoke
T01170,2023-06-08,2023-06-11,Waste,North York
T01171,2023-09-13,2023-09-16,Waste,Toronto-West
T01172,2023-04-05,2023-04-05,Waste,Scarborough
T01173,2023-11-29,2023-11-30,Animal Services,Scarborough
T01174,2023-04-08,2023-04-09,Water,Etobicoke
T01175,2023-03-22,2023-03-23,Animal Services,York
T01176,2023-12-09,2023-12-09,Roads,Toronto-West
T01177,2023-08-21,2023-08-25,Water,Toronto-West
T01178,2023-01-12,2023-01-13,Waste,Etobicoke
T01179,2023-11-23,2023-11-23,Tree Maintenance,Scarborough
T01180,2024-05-29,2024-05-31,Water,York
T01181,2024-04-01,2024-04-02,Water,Etobicoke
T01182,2023-04-03,2023-04-05,Roads,Scarborough
T01183,2023-03-26,2023-03-29,Roads,Toronto-East York
T01184,2024-02-13,2024-02-15,Roads,Toronto-East York
T01185,2023-05-19,2023-05-22,Roads,Scarborough
T01186,2024-02-09,2024-02-10,Tree Maintenance,Toronto-East York
T01187,2023-09-10,2023-09-11,Waste,North York
T01188,2024-03-16,2024-03-16,Waste,Toronto-East York
T01189,2024-03-09,2024-03-13,Roads,Scarborough
T01190,2023-12-19,2023-12-21,Roads,York
T01191,2024-03-28,2024-03-30,Water,North York
T01192,2023-08-28,2023-08-30,Water,Toronto-West
T01193,2023-04-26,2023-04-29,Water,Scarborough
T01194,2023-06-01,2023-06-04,Waste,Toronto-East York
T01195,2023-04-24,2023-04-24,Roads,Etobicoke
T01196,2023-12-06,2023-12-08,Waste,Etobicoke
T01197,2023-09-22,2023-09-25,Tree Maintenance,Toronto-East York
T01198,2023-05-25,2023-05-26,Roads,York
T01199,2024-06-23,2024-06-23,Waste,Scarborough
